{"\u5f4c\u6566\u9053 Nathan Road": ["22.3130743", "114.1706979"], "\u8ed2\u5c3c\u8a69\u9053 Hennessy Road": ["22.2787141", "114.17959"], "\u99f1\u514b\u9053 Lockhart Road": ["22.2804593", "114.1824686"], "\u544a\u58eb\u6253\u9053 Gloucester Road": ["22.279549", "114.1764821"], "\u66a2\u904b\u9053 Cheong Wan Road": ["22.305019", "114.182489"], "\u8377\u674e\u6d3b\u9053 Hollywood Road": ["22.285441", "114.1479249"], "\u901a\u83dc\u8857 Tung Choi Street": ["22.3196604", "114.1705088"], "\u7f85\u7d20\u8857 Russell Street": ["22.278475", "114.1815895"], "\u7835\u862d\u8857 Portland Street": ["22.3239412", "114.1677728"], "\u6c99\u7530\u6b63\u8857 Sha Tin Centre Street": ["22.3795076", "114.1872069"], "\u7687\u540e\u5927\u9053\u6771 Queen'S Road East": [0, 0], "\u8b1d\u6590\u9053 Jaffe Road": ["22.2809015", "114.1822346"], "\u897f\u6d0b\u83dc\u5357\u8857 Sai Yeung Choi Street South": ["22.3210011", "114.1696132"], "\u592a\u5b50\u9053\u897f Prince Edward Road West": ["22.3249602", "114.1681969"], "\u5c71\u9802\u9053 Peak Road": ["22.2692695", "114.1507206"], "\u99ac\u5e2b\u9053 Marsh Road": ["22.2794753", "114.1795667"], "\u9ebc\u5730\u9053 Mody Road": ["22.2980382", "114.1775336"], "\u68b3\u58eb\u5df4\u5229\u9053 Salisbury Road": ["22.2942726", "114.1738654"], "\u4e0a\u6d77\u8857 Shanghai Street": ["22.3061828", "114.1694484"], "\u767e\u5fb7\u65b0\u8857 Paterson Street": ["22.2814637", "114.1852623"], "\u7aa9\u6253\u8001\u9053 Waterloo Road": ["22.326145", "114.178558"], "\u82f1\u7687\u9053 King'S Road": ["22.2918585", "114.2040178"], "\u5553\u8d85\u9053 Kai Chiu Road": ["22.2795612", "114.1841211"], "\u82b1\u5712\u8857 Fa Yuen Street": ["22.3169413", "114.1716425"], "\u767b\u6253\u58eb\u8857 Dundas Street": ["22.3156726", "114.1718644"], "\u8a18\u5229\u4f50\u6cbb\u8857 Great George Street": [0, 0], "\u6b4c\u8ce6\u8857 Gough Street": ["22.2842073", "114.1524652"], "\u8208\u5be7\u8def Hing Ning Road": ["22.3565331", "114.1270183"], "\u535a\u89bd\u9053 Expo Drive": ["22.2836845", "114.1740052"], "\u6e2f\u7063\u9053 Harbour Road": ["22.2808444", "114.17656"], "\u79ae\u9813\u9053 Leighton Road": ["22.2778644", "114.1861411"], "\u9ec3\u6ce5\u6d8c\u9053 Wong Nai Chung Road": [0, 0], "\u592a\u53e4\u57ce\u9053 Taikoo Shing Road": ["22.2847729", "114.2205839"], "\u767b\u9f8d\u8857 Tang Lung Street": ["22.2793698", "114.1826403"], "\u52a0\u9023\u5a01\u8001\u9053 Granville Road": ["22.299447", "114.1726178"], "\u8000\u83ef\u8857 Yiu Wa Street": ["22.2776747", "114.182433"], "\u5c71\u6771\u8857 Shantung Street": ["22.3180293", "114.1726173"], "\u89c0\u5858\u9053 Kwun Tong Road": ["22.3336139", "114.207547"], "\u627f\u8c50\u9053 Shing Fung Road": ["22.3084946", "114.2111664"], "\u5351\u5229\u8857 Peel Street": ["22.2823217", "114.1522978"], "\u9d28\u5df4\u7538\u8857 Aberdeen Street": ["22.2833535", "114.1523696"], "\u5e0c\u96f2\u8857 Haven Street": ["22.2781644", "114.1864803"], "\u838a\u58eb\u6566\u9053 Johnston Road": ["22.2775366", "114.1697069"], "\u4e9e\u7686\u8001\u8857 Argyle Street": ["22.3249789", "114.1858253"], "\u79d1\u5b78\u9928\u9053 Science Museum Road": [0, 0], "\u6f06\u54b8\u9053\u5357 Chatham Road South": ["22.3010192", "114.1762697"], "\u4f0a\u5229\u8fd1\u8857 Elgin Street": ["22.2813206", "114.1526674"], "\u970e\u6771\u8857 Sharp Street East": ["22.2778406", "114.1818243"], "\u8354\u679d\u89d2\u9053 Lai Chi Kok Road": ["22.3322387", "114.1562634"], "\u4e2d\u6e2f\u9053 Chung Kong Road": ["22.288363", "114.1505584"], "\u8c49\u6cb9\u8857 Soy Street": ["22.3167664", "114.171096"], "\u6d17\u8863\u8857 Sai Yee Street": ["22.3212869", "114.1713804"], "\u5927\u57d4\u9053 Tai Po Road": ["22.3334224", "114.1632767"], "\u5927\u78e1\u9053 Tai Hom Road": ["22.3404875", "114.2011981"], "\u52a0\u5be7\u8857 Cleveland Street": ["22.2821738", "114.1856498"], "\u5553\u7965\u9053 Kai Cheung Road": ["22.3256163", "114.2106834"], "\u65b0\u586b\u5730\u8857 Reclamation Street": ["22.3199568", "114.1674819"], "\u9577\u6c99\u7063\u9053 Cheung Sha Wan Road": ["22.3289246", "114.1648293"], "\u5805\u9053 Caine Road": ["22.2809799", "114.1523293"], "\u6ce2\u65af\u5bcc\u8857 Percival Street": ["22.2813504", "114.182125"], "\u5ee3\u83ef\u8857 Kwong Wa Street": ["22.3163725", "114.1731352"], "\u80b2\u624d\u9053 Yuk Choi Road": ["22.3047643", "114.1795881"], "\u9577\u7fa9\u8857 Cheung Yee Street": ["22.336084", "114.1482249"], "\u6b3d\u5dde\u8857 Yen Chow Street": ["22.3292456", "114.1586511"], "\u611b\u7fa4\u9053 Oi Kwan Road": ["22.2761982", "114.1795487"], "\u76e7\u62bc\u9053 Luard Road": ["22.2774816", "114.1716019"], "\u8239\u8857 Ship Street": ["22.2757309", "114.1706287"], "\u58eb\u4e39\u9813\u8857 Staunton Street": ["22.2821358", "114.152636"], "\u7687\u540e\u5927\u9053\u4e2d Queen'S Road Central": ["22.285069", "114.15026"], "\u5edf\u8857 Temple Street": ["22.3073464", "114.1701945"], "\u767d\u5e03\u8857 Pak Po Street": ["22.3175638", "114.172713"], "\u9d3b\u5716\u9053 Hung To Road": ["22.3101206", "114.2227862"], "\u5fc5\u5217\u8005\u58eb\u8857 Bridges Street": [0, 0], "\u9023\u7fd4\u9053 Lin Cheung Road": ["22.3129045", "114.1620402"], "\u6d77\u6ff1\u9053 Hoi Bun Road": ["22.3168216", "114.2124242"], "\u908a\u5be7\u9813\u8857 Pennington Street": ["22.2793069", "114.1862527"], "\u798f\u69ae\u8857 Fuk Wing Street": ["22.3290893", "114.1665159"], "\u6587\u6797\u8def Man Lam Road": ["22.3774402", "114.1864658"], "\u5609\u862d\u570d Granville Circuit": ["22.2999047", "114.1756133"], "\u91d1\u99ac\u502b\u9053 Cameron Road": ["22.2996207", "114.1759582"], "\u91d1\u5df4\u5229\u9053 Kimberley Road": ["22.3003692", "114.1721234"], "\u5049\u696d\u8857 Wai Yip Street": ["22.3038439", "114.2266363"], "\u6d78\u6703\u5927\u5b78\u9053 Baptist University Road": [0, 0], "\u6e23\u7538\u8857 Jardine'S Bazaar": ["22.2795171", "114.1852359"], "\u4eac\u58eb\u9813\u8857 Kingston Street": ["22.2816965", "114.1858389"], "\u7063\u4ed4\u9053 Wan Chai Road": ["22.2779626", "114.179605"], "\u8354\u666f\u5c71\u8def Lai King Hill Road": ["22.346093", "114.1265888"], "\u8607\u676d\u8857 Jervois Street": ["22.28496", "114.15125"], "\u6703\u8b70\u9053 Convention Avenue": ["22.281864", "114.1748"], "\u81e8\u8c50\u8857 Lam Fung Street": ["22.320401", "114.2093197"], "\u5c55\u8cbf\u5f91 Trademart Drive": ["22.3237661", "114.2043739"], "\u5ec8\u9580\u8857 Amoy Street": ["22.27618", "114.1722722"], "\u83f2\u6797\u660e\u9053 Fleming Road": ["22.2803962", "114.1745806"], "\u9ed1\u5e03\u8857 Hak Po Street": ["22.3175638", "114.172713"], "\u90fd\u6703\u9053 Metropolis Drive": ["22.302182", "114.1838936"], "\u5929\u6587\u81fa\u9053 Observatory Road": ["22.3012135", "114.175146"], "\u958b\u6e90\u9053 Hoi Yuen Road": ["22.311593", "114.2261332"], "\u6df1\u65fa\u9053 Sham Mong Road": ["22.3184078", "114.1605607"], "\u5e0c\u614e\u9053 Hysan Avenue": ["22.2785108", "114.1855674"], "\u5eb7\u5c71\u9053 Kornhill Road": ["22.2846836", "114.2170678"]}